"X.V1","V2","V3","V4","V5","SC0_0","SC0_1","SC0_2","id","school","school2","Q36","Q37","Q28","Q42","Q43","your_residence","dorm","house","restaurant","campus","urine_public..posture","urine_private..posture","defecate_public..posture","defecate_private..posture","urine_public..cleaning","urine_private..cleaning","defecate_public..cleaning","defecate_private..cleaning","urine_public_1","urine_public_2","urine_public_3","urine_public_4","urine_private_1","urine_private_2","urine_private_3","urine_private_4","defecate_public_1","defecate_public_2","defecate_public_3","defecate_public_4","defecate_private_1","defecate_private_2","defecate_private_3","defecate_private_4","Q8","Q25","Q40","Q5","Q51","Q3","Q44_16","Q44_17","Q44_18","Q44_19","Q44_20","Q44_21","Q44_22","Q44_23","Q12","Q11","Q21","Q19","Q20","Q22","X"
"ResponseID","ResponseSet","StartDate","EndDate","Finished","Grade-sum","Grade-weightedAvg","Grade-weightedStdDev","id","school","school2","I am asking you to participate in a research study. This form is designed to give you information ab...","This consent form will be kept by the researcher for five years beyond the end of the study and was...","This is page 1 of 2.","Did you live in Tompkins County during the last three months (the spring 2011 semester)?","What sort of building did you live in during the last three months (the spring 2011 semester)?","Consider sitting-type toilets (not urinals and not squatting-type toilets) in the following location...-Toilet in your residence for the last three months (the spring 2011 semester)","Consider sitting-type toilets (not urinals and not squatting-type toilets) in the following location...-Toilet in a friend's dormitory","Consider sitting-type toilets (not urinals and not squatting-type toilets) in the following location...-Toilet in a friend's house or apartment","Consider sitting-type toilets (not urinals and not squatting-type toilets) in the following location...-Toilet in a restaurant","Consider sitting-type toilets (not urinals and not squatting-type toilets) in the following location...-Toilet in an academic building on campus","How do you usually use a sitting-type toilet in each of the following scenarios? /  /    /  /  The first two... : What posture do you normally use? Choose the one that best applies.-Urinating at a public toilet","How do you usually use a sitting-type toilet in each of the following scenarios? /  /    /  /  The first two... : What posture do you normally use? Choose the one that best applies.-Urinating at a private toilet","How do you usually use a sitting-type toilet in each of the following scenarios? /  /    /  /  The first two... : What posture do you normally use? Choose the one that best applies.-Defecating at a public toilet","How do you usually use a sitting-type toilet in each of the following scenarios? /  /    /  /  The first two... : What posture do you normally use? Choose the one that best applies.-Defecating at a private toilet","How do you usually use a sitting-type toilet in each of the following scenarios? /  /    /  /  The first two... : Do you put the toilet seat up or down?-Urinating at a public toilet","How do you usually use a sitting-type toilet in each of the following scenarios? /  /    /  /  The first two... : Do you put the toilet seat up or down?-Urinating at a private toilet","How do you usually use a sitting-type toilet in each of the following scenarios? /  /    /  /  The first two... : Do you put the toilet seat up or down?-Defecating at a public toilet","How do you usually use a sitting-type toilet in each of the following scenarios? /  /    /  /  The first two... : Do you put the toilet seat up or down?-Defecating at a private toilet","How do you usually use a sitting-type toilet in each of the following scenarios? /  /    /  /  The first two... : Mark other sanitation measures that you take-Urinating at a public toilet-I cover the seat with toilet paper <strong>before</strong> I use the toilet.","How do you usually use a sitting-type toilet in each of the following scenarios? /  /    /  /  The first two... : Mark other sanitation measures that you take-Urinating at a public toilet-I wipe the seat <strong>before</strong> I use the toilet.","How do you usually use a sitting-type toilet in each of the following scenarios? /  /    /  /  The first two... : Mark other sanitation measures that you take-Urinating at a public toilet-I wipe the seat <strong>after</strong> I use the toilet.","How do you usually use a sitting-type toilet in each of the following scenarios? /  /    /  /  The first two... : Mark other sanitation measures that you take-Urinating at a public toilet-None of these sanitation measures","How do you usually use a sitting-type toilet in each of the following scenarios? /  /    /  /  The first two... : Mark other sanitation measures that you take-Urinating at a private toilet-I cover the seat with toilet paper <strong>before</strong> I use the toilet.","How do you usually use a sitting-type toilet in each of the following scenarios? /  /    /  /  The first two... : Mark other sanitation measures that you take-Urinating at a private toilet-I wipe the seat <strong>before</strong> I use the toilet.","How do you usually use a sitting-type toilet in each of the following scenarios? /  /    /  /  The first two... : Mark other sanitation measures that you take-Urinating at a private toilet-I wipe the seat <strong>after</strong> I use the toilet.","How do you usually use a sitting-type toilet in each of the following scenarios? /  /    /  /  The first two... : Mark other sanitation measures that you take-Urinating at a private toilet-None of these sanitation measures","How do you usually use a sitting-type toilet in each of the following scenarios? /  /    /  /  The first two... : Mark other sanitation measures that you take-Defecating at a public toilet-I cover the seat with toilet paper <strong>before</strong> I use the toilet.","How do you usually use a sitting-type toilet in each of the following scenarios? /  /    /  /  The first two... : Mark other sanitation measures that you take-Defecating at a public toilet-I wipe the seat <strong>before</strong> I use the toilet.","How do you usually use a sitting-type toilet in each of the following scenarios? /  /    /  /  The first two... : Mark other sanitation measures that you take-Defecating at a public toilet-I wipe the seat <strong>after</strong> I use the toilet.","How do you usually use a sitting-type toilet in each of the following scenarios? /  /    /  /  The first two... : Mark other sanitation measures that you take-Defecating at a public toilet-None of these sanitation measures","How do you usually use a sitting-type toilet in each of the following scenarios? /  /    /  /  The first two... : Mark other sanitation measures that you take-Defecating at a private toilet-I cover the seat with toilet paper <strong>before</strong> I use the toilet.","How do you usually use a sitting-type toilet in each of the following scenarios? /  /    /  /  The first two... : Mark other sanitation measures that you take-Defecating at a private toilet-I wipe the seat <strong>before</strong> I use the toilet.","How do you usually use a sitting-type toilet in each of the following scenarios? /  /    /  /  The first two... : Mark other sanitation measures that you take-Defecating at a private toilet-I wipe the seat <strong>after</strong> I use the toilet.","How do you usually use a sitting-type toilet in each of the following scenarios? /  /    /  /  The first two... : Mark other sanitation measures that you take-Defecating at a private toilet-None of these sanitation measures","Do you currently have any diagnosed mobility impairments?","This is the last page of the questionnaire; you&#39;re almost done!","","What is your height?","What is your age?","What is your sex? Choose the one that best applies.","What posture do you usually use in each of the following scenarios? The first four scenarios involve...-Urinating at a very <strong>dirty public toilet</strong>","What posture do you usually use in each of the following scenarios? The first four scenarios involve...-Urinating at a very <strong>clean public toilet</strong>","What posture do you usually use in each of the following scenarios? The first four scenarios involve...-Urinating at a very <strong>dirty private toilet</strong>","What posture do you usually use in each of the following scenarios? The first four scenarios involve...-Urinating at a very <strong>clean private toilet</strong>","What posture do you usually use in each of the following scenarios? The first four scenarios involve...-Defecating at a very <strong>dirty public toilet</strong>","What posture do you usually use in each of the following scenarios? The first four scenarios involve...-Defecating at a very <strong>clean public toilet</strong>","What posture do you usually use in each of the following scenarios? The first four scenarios involve...-Defecating at a very <strong>dirty private toilet</strong>","What posture do you usually use in each of the following scenarios? The first four scenarios involve...-Defecating at a very <strong>clean private toilet</strong>","For how many years have you had your current mobility impairments? Please round to the nearest numbe...","Please briefly describe your mobility impairments.","Thanks for completing the questionnaire!","You won $10!  /   / You can collect your money at Martha van Rensselaer Hall 2416 between 5 pm and 6 pm...","Unfortunately, you didn't win $10.","If you have any questions, please email me.",NA
"R_5oHBK6BbaRMhbZa","Survey Phase","2011-05-05 13:24:50","2011-05-05 13:27:10","1","0","0","0","297","","","y","1","1","1","2","private","3","private","public","public","2","2","2","2","2","2","2","2","1","","","","","","","1","1","","","","","","","1","no","1","","62","8","female","5","5","5","5","5","5","5","5","","","","","","",NA
"R_cvbUk9RdPvsMjVq","Survey Phase","2011-05-05 13:24:19","2011-05-05 13:28:29","1","0","0","0","80","","","y","1","1","1","2","private","3","private","public","public","3","2","2","2","2","2","2","2","","","","1","","","","1","1","","","","","","","1","no","1","","62","10","female","3","3","3","5","3","5","3","5","","","","","","",NA
"R_6rlB3QtrUFu3JoE","Survey Phase","2011-05-05 13:25:15","2011-05-05 13:29:06","1","0","0","0","88","","","y","1","1","1","1","3","3","private","public","public","3","2","2","2","2","2","2","2","1","","","","","","","1","1","","","","","","","1","no","1","","66","4","female","1","3","1","5","5","5","5","5","","","","","","",NA
"R_41Ud0ImkncxcP4w","Survey Phase","2011-05-05 13:26:21","2011-05-05 13:30:02","1","0","0","0","285","","","y","1","1","1","2","private","public","private","public","public","2","2","2","2","2","2","2","2","","","","1","","","","1","","","","1","","","","1","no","1","","63","7","female","3","5","3","5","5","5","5","5","","","","","","",NA
"R_6L8f9ooPBvh9yYs","Survey Phase","2011-05-05 13:27:29","2011-05-05 13:30:42","1","0","0","0","128","","","y","1","1","1","2","private","public","private","public","public","3","2","2","2","2","2","2","2","1","1","","","","","","1","1","1","","","","","","1","no","1","","65","4","female","3","3","3","5","5","3","3","5","","","","","","",NA
"R_77Bxl6sE92kG1Vi","Survey Phase","2011-05-05 13:28:52","2011-05-05 13:31:49","1","0","0","0","91","","","y","1","1","1","2","private","public","3","public","public","1","1","3","2","1","1","2","2","","","","1","","","","1","","","","1","","","","1","no","1","","68","4","male","1","1","1","1","3","5","3","5","","","","","","",NA
"R_eaJzUB51OkJscWE","Survey Phase","2011-05-05 13:25:26","2011-05-05 13:33:24","1","0","0","0","1","","","y","1","1","1","2","private","3","3","3","private","1","1","3","2","1","1","1","1","1","1","","","1","","","","1","1","","","1","","","","no","1","","66","12","male","1","1","1","1","3","5","5","5","","","","","","",NA
"R_9vuqhOIltNZskJe","Survey Phase","2011-05-05 13:27:41","2011-05-05 13:34:59","1","0","0","0","56","","","y","1","1","1","1","public","public","private","public","public","1","1","2","2","2","1","2","2","","","1","","","","","1","","1","","","","1","","","no","1","","67","3","male","1","1","1","1","5","5","5","5","","","","","","",NA
"R_bBhGvqUliwUsfZO","Survey Phase","2011-05-05 13:33:37","2011-05-05 13:35:59","1","0","0","0","103","","","y","1","1","1","2","3","3","3","3","public","1","1","2","2","1","1","2","2","","","","1","","","","1","","","","1","","","","1","no","1","","69","4","male","3","1","1","1","3","5","3","5","","","","","","",NA
"R_8BN6pNwJK8hdJek","Survey Phase","2011-05-05 13:27:29","2011-05-05 13:36:57","1","0","0","0","65","","","y","1","1","1","2","private","private","private","public","public","1","1","2","2","1","1","2","2","","","","1","","","1","","1","1","","","","1","","","no","1","","71","11","male","1","1","1","1","3","5","3","5","","","","","","",NA
"R_1LaoD5WAoU3iX1a","Survey Phase","2011-05-05 13:32:44","2011-05-05 13:38:06","1","0","0","0","332","","","y","1","1","2","2","private","3","private","public","public","3","2","3","2","2","2","2","2","","","","1","","","","1","","","","1","","","","1","no","1","","66","17","female","6","5","3","5","6","3","3","5","","","","","","",NA
"R_6PZ8XpdstqNa5gw","Survey Phase","2011-05-05 13:36:15","2011-05-05 13:38:42","1","0","0","0","340","","","y","1","1","1","2","private","public","private","public","public","1","1","2","2","1","1","2","2","","","","1","","","","1","","","","1","","","","1","no","1","","69","8","male","1","1","1","1","3","5","5","5","","","","","","",NA
"R_dcK4Xpzf7c8WKvG","Survey Phase","2011-05-05 13:35:48","2011-05-05 13:38:47","1","0","0","0","223","","","y","1","1","1","2","private","public","3","public","public","1","1","2","2","1","1","2","2","","","","1","","","","1","1","1","","","1","","","","no","1","","71","4","male","1","1","1","1","5","5","5","5","","","","","","",NA
"R_ahHoZwdPGfqTEd6","Survey Phase","2011-05-05 13:35:21","2011-05-05 13:39:54","1","0","0","0","167","","","y","1","1","1","1","3","3","private","public","public","3","3","3","4","2","2","2","2","","","","1","","","1","","","","","1","","","1","","no","1","","65","1","female","3","3","3","3","3","3","3","4","","","","","","",NA
"R_9XEruLGd4EaXVf6","Survey Phase","2011-05-05 13:38:54","2011-05-05 13:42:22","1","0","0","0","226","","","y","1","1","1","2","private","public","3","public","public","3","2","3","2","2","2","2","2","1","1","","","","","","1","1","1","","","","","","1","no","1","","62","9","female","3","3","3","5","3","3","3","5","","","","","","",NA
"R_d4pi461jwoOkYAI","Survey Phase","2011-05-05 13:37:11","2011-05-05 13:44:15","1","0","0","0","163","","","y","1","1","1","2","3","public","3","public","public","2","1","2","2","2","2","2","2","","1","1","","","","","1","","1","1","","","","","1","no","1","","62","4","female","3","3","3","5","3","3","3","5","","","","","","",NA
"R_508gcHc18jjsReI","Survey Phase","2011-05-05 13:43:46","2011-05-05 13:46:59","1","0","0","0","259","","","y","1","1","1","2","private","3","private","public","public","2","2","2","2","2","2","2","2","1","1","","","","","","1","1","1","","","","","","1","no","1","","65","5","female","4","5","3","5","4","5","5","5","","","","","","",NA
"R_bxuiMcm3XfWaoUQ","Survey Phase","2011-05-05 13:47:52","2011-05-05 13:54:02","1","0","0","0","120","","","y","1","1","1","1","3","public","private","public","public","3","2","2","2","2","2","2","2","1","1","1","","","","","1","1","1","1","","","","","1","no","1","","65","2","female","1","3","1","3","3","3","3","3","","","","","","",NA
"R_4OA5NrKdjbxViXq","Survey Phase","2011-05-05 13:54:13","2011-05-05 13:56:47","1","0","0","0","352","","","y","1","1","2","2","private","private","private","public","public","3","2","3","2","2","2","2","2","","1","","","","","1","","","1","1","","","","1","","no","1","","67","3","male","3","5","3","5","3","5","3","5","","","","","","",NA
"R_1F990PGWKVClgiw","Survey Phase","2011-05-05 13:58:11","2011-05-05 14:01:32","1","0","0","0","3","","","y","1","1","1","2","private","3","private","public","public","2","2","2","2","1","2","2","2","1","","","","1","","","","1","","","","1","","","","no","1","","68","6","female","1","5","5","5","1","1","5","5","","","","","","",NA
"R_42SpFBftReOSXTC","Survey Phase","2011-05-05 13:59:15","2011-05-05 14:01:51","1","0","0","0","246","","","y","1","1","1","1","3","3","private","public","public","1","1","2","2","1","1","2","2","","","","1","","","","1","","1","","","","","","1","no","1","","67","2","male","1","1","1","1","3","5","3","5","","","","","","",NA
"R_8wRFW7ZHQfdDSjG","Survey Phase","2011-05-05 14:02:00","2011-05-05 14:04:24","1","0","0","0","210","","","y","1","1","1","2","private","public","private","public","public","1","1","2","2","1","1","2","2","","","","1","","","","1","","","","1","","","","1","no","1","","70","9","male","1","1","1","1","3","5","3","5","","","","","","",NA
"R_9nQhw46PAsbCYPa","Survey Phase","2011-05-05 14:00:45","2011-05-05 14:06:05","1","0","0","0","122","","","y","1","1","2","2","private","public","3","public","public","3","2","2","2","2","2","2","2","1","","1","","","","1","","1","","1","","","","1","","no","1","","66","8","female","3","3","3","3","3","3","3","3","","","","","","",NA
"R_4TUziTENrANxdAw","Survey Phase","2011-05-05 13:59:31","2011-05-05 14:10:50","1","0","0","0","74","","","y","1","1","1","2","private","public","private","public","public","3","2","2","2","2","2","2","2","","","","1","","","","1","1","1","","","","","","1","no","1","","68","6","female","3","3","3","5","3","3","3","5","","","","","","",NA
"R_9TxhiOg2dz2o7qI","Survey Phase","2011-05-05 14:14:10","2011-05-05 14:16:10","1","0","0","0","373","","","y","1","1","1","2","private","public","private","public","3","1","1","2","2","1","1","2","2","","","","1","","","","1","","","","1","","","","1","no","1","","75","3","male","1","1","1","1","5","5","5","5","","","","","","",NA
"R_55soKvpX8U45Izi","Survey Phase","2011-05-05 14:13:52","2011-05-05 14:16:23","1","0","0","0","364","","","y","1","1","1","2","private","public","private","public","public","2","2","2","2","2","2","2","2","","1","","","","","","1","","1","","","","","","1","no","1","","60","2","female","3","5","3","5","3","5","3","5","","","","","","",NA
"R_1XQuoI5tzxOhh3u","Survey Phase","2011-05-05 14:14:33","2011-05-05 14:16:25","1","0","0","0","283","","","y","1","1","1","1","private","private","private","3","3","2","2","2","2","2","2","2","2","1","1","","","1","1","","","1","1","","","1","1","","","no","1","","68","1","female","3","5","3","5","3","5","3","5","","","","","","",NA
"R_3CVjtFmI9W4DySM","Survey Phase","2011-05-05 14:14:35","2011-05-05 14:17:05","1","0","0","0","202","","","y","1","1","1","2","private","3","private","public","3","2","2","2","2","2","2","2","2","","","","1","","","","1","","","","1","","","","1","no","1","","68","11","female","3","5","3","5","6","5","6","5","","","","","","",NA
"R_aVQEZ8Z5wautjGA","Survey Phase","2011-05-05 14:14:59","2011-05-05 14:17:30","1","0","0","0","112","","","y","1","1","1","2","private","3","private","3","public","2","2","2","2","2","2","2","2","","","","1","","","","1","","","","1","","","","1","no","1","","65","4","female","5","5","5","5","5","5","5","5","","","","","","",NA
"R_3wT11IBlCDbsAm0","Survey Phase","2011-05-05 14:16:03","2011-05-05 14:19:12","1","0","0","0","390","","","y","1","1","1","2","private","3","private","private","3","1","2","2","2","1","2","2","2","","","","1","","","","1","","","","1","","","","1","no","1","","69","9","male","1","1","1","1","5","5","5","5","","","","","","",NA
"R_3E6q2sVGaGsLix6","Survey Phase","2011-05-05 14:13:09","2011-05-05 14:19:15","1","0","0","0","160","","","y","1","1","1","2","private","public","3","public","public","3","2","2","2","2","2","2","2","","","1","","","","","1","1","","","","","","","1","no","1","","64","8","female","3","3","3","3","6","5","6","5","","","","","","",NA
"R_7NSJ7PJRxMvgqGg","Survey Phase","2011-05-05 14:17:13","2011-05-05 14:19:49","1","0","0","0","387","","","y","1","1","1","1","3","3","private","public","public","2","2","2","2","2","2","2","2","1","","","","","","","1","1","","","","","","","1","no","1","","64","1","female","3","5","3","5","3","5","3","5","","","","","","",NA
"R_8Cfi6wLxM2rSwxm","Survey Phase","2011-05-05 14:16:38","2011-05-05 14:20:28","1","0","0","0","350","","","y","1","1","1","2","private","public","private","public","public","3","2","2","2","2","2","2","2","","","","1","","","","1","1","","","","","","","1","no","1","","66","14","female","3","3","3","5","3","3","3","5","","","","","","",NA
"R_eex3gFghLNf59s0","Survey Phase","2011-05-05 14:16:02","2011-05-05 14:22:55","1","0","0","0","389","","","y","1","1","1","2","3","public","3","public","public","1","1","2","2","1","1","2","2","","","","1","","","","1","","","","1","","","","1","no","1","","70","11","male","1","1","1","1","3","3","3","3","","","","","","",NA
"R_6rN5qCl2kKl9jOA","Survey Phase","2011-05-05 14:19:07","2011-05-05 14:23:48","1","0","0","0","341","","","y","1","1","1","2","private","3","private","public","public","2","2","2","2","2","2","2","2","","","","1","","","","1","","","","1","","","","1","no","1","","68","3","female","3","5","3","5","3","5","3","5","","","","","","",NA
"R_eXQw0BS8S9vMWl6","Survey Phase","2011-05-05 14:20:38","2011-05-05 14:24:55","1","0","0","0","18","","","y","1","1","2","1","private","3","private","public","3","1","1","2","2","1","1","2","2","","","","1","","","","1","","1","","","","","","1","no","1","","70","3","male","1","1","1","1","3","5","3","5","","","","","","",NA
"R_eM59bN9mUqBasUk","Survey Phase","2011-05-05 14:21:51","2011-05-05 14:25:41","1","0","0","0","194","","","y","1","1","1","2","private","private","3","private","public","1","2","2","2","1","2","2","2","1","","","","","1","","","1","","","","","","","1","no","1","","64","8","female","1","1","1","5","1","5","1","5","","","","","","",NA
"R_57MBTGIrT94zVUo","Survey Phase","2011-05-05 14:22:19","2011-05-05 14:27:58","1","0","0","0","117","","","y","1","1","1","1","3","3","private","public","public","1","1","2","2","1","1","2","2","","","","1","","","","1","1","1","","","","","","1","no","1","","73","7","male","1","1","1","1","3","5","3","5","","","","","","",NA
"R_0NXfMrXkWZBjGn2","Survey Phase","2011-05-05 14:27:11","2011-05-05 14:32:26","1","0","0","0","180","","","y","1","1","1","1","3","3","3","public","public","1","2","3","2","1","2","2","2","","","","1","","","","1","1","1","","","","1","","","no","1","","67","3","male","1","1","1","5","3","5","3","5","","","","","","",NA
"R_0NUCEb8AfxXsKvG","Survey Phase","2011-05-05 14:26:59","2011-05-05 14:32:29","1","0","0","0","41","","","y","1","1","1","1","3","public","private","public","public","2","2","2","2","2","2","2","2","","1","","","","","","1","","1","","","","","","1","no","1","","67","2","female","3","5","3","5","3","5","3","5","","","","","","",NA
"R_9ZiK3md6Mss0XaY","Survey Phase","2011-05-05 14:31:32","2011-05-05 14:33:18","1","0","0","0","174","","","y","1","1","1","3","public","public","3","public","public","3","2","2","2","2","2","2","2","1","","","","","","","1","1","","","","","","","1","no","1","","65","4","female","3","3","3","5","3","3","3","5","","","","","","",NA
"R_3q7M6uGkRZ4Pmlu","Survey Phase","2011-05-05 14:18:14","2011-05-05 14:33:48","1","0","0","0","113","","","y","1","1","1","1","3","public","3","public","public","2","2","2","2","2","2","2","2","1","","","","","","","1","1","","","","","","","1","no","1","","66","2","female","3","5","3","5","3","3","3","5","","","","","","",NA
"R_5mZ2mNTczetmQZu","Survey Phase","2011-05-05 14:35:28","2011-05-05 14:39:03","1","0","0","0","385","","","y","1","1","1","1","private","private","private","public","public","2","2","2","2","2","2","2","2","1","1","","","","","","1","1","1","","","","","","1","no","1","","62","3","female","3","5","3","5","3","5","3","5","","","","","","",NA
"R_25CePtYfHTz1p7S","Survey Phase","2011-05-05 14:38:37","2011-05-05 14:41:16","1","0","0","0","67","","","y","1","1","1","2","private","public","3","public","public","1","1","2","2","1","1","2","2","","","","1","","","","1","","1","","","","1","","","no","1","","72","4","male","1","1","1","1","5","5","5","5","","","","","","",NA
"R_cMgsxZQyfaxenys","Survey Phase","2011-05-05 14:38:28","2011-05-05 14:41:16","1","0","0","0","148","","","y","1","1","1","2","private","3","3","public","public","2","2","2","2","2","2","2","2","","","","1","","","","1","","","","1","","","","1","no","1","","64","8","female","5","5","5","5","5","5","5","5","","","","","","",NA
"R_9AWf5VqxkxjJpWY","Survey Phase","2011-05-05 14:39:35","2011-05-05 14:42:41","1","0","0","0","271","","","y","1","1","1","2","private","3","3","public","public","3","2","2","2","2","2","2","2","1","","","","","","","1","1","","","","1","","","","no","1","","66","9","female","3","5","3","5","5","5","5","5","","","","","","",NA
"R_3IWVwKCoSjMTwAQ","Survey Phase","2011-05-05 14:43:11","2011-05-05 14:47:37","1","0","0","0","365","","","y","1","1","1","2","private","3","3","public","public","2","2","2","2","2","2","2","2","1","","","","","","","1","1","","","","","","","1","no","1","","66","5","female","3","5","3","5","3","5","3","5","","","","","","",NA
"R_cSkjX5010LIa0QI","Survey Phase","2011-05-05 14:51:09","2011-05-05 14:53:42","1","0","0","0","203","","","y","1","1","1","1","3","public","3","public","public","1","1","2","2","1","1","2","2","","","","1","","","","1","","1","","","","","","1","no","1","","70","2","male","1","1","1","1","3","5","3","5","","","","","","",NA
"R_czKiRqTfxv37Cmg","Survey Phase","2011-05-05 14:51:35","2011-05-05 14:54:45","1","0","0","0","368","","","y","1","1","1","2","private","public","private","public","public","3","2","3","2","2","2","2","2","1","","","","","","","1","1","","","","","","","1","no","1","","64","5","female","3","5","3","5","3","5","3","5","","","","","","",NA
"R_4JD5zpIIX53QJPm","Survey Phase","2011-05-05 14:52:29","2011-05-05 14:55:27","1","0","0","0","137","","","y","1","1","1","1","3","3","private","public","public","1","1","2","2","1","1","2","2","","","","1","","","","1","1","1","","","1","1","","","no","1","","72","1","male","1","1","1","1","6","5","6","5","","","","","","",NA
"R_3rB3zBP7NP7sfje","Survey Phase","2011-05-05 14:44:29","2011-05-05 14:56:18","1","0","0","0","363","","","y","1","1","1","1","3","3","private","public","public","2","2","2","2","2","2","2","2","","1","","","","","","1","","1","","","","","","1","no","1","","61","3","female","3","5","3","5","3","5","3","5","","","","","","",NA
"R_eFJOm9MPhZeoSQA","Survey Phase","2011-05-05 14:51:12","2011-05-05 14:56:33","1","0","0","0","321","","","y","1","1","1","2","private","3","private","public","public","3","2","3","2","2","2","2","2","","","","1","","","1","","","","","1","","","","1","no","1","","72","4","female","3","3","3","5","3","3","3","5","","","","","","",NA
"R_3UiWmJhaz8hozSA","Survey Phase","2011-05-05 14:59:29","2011-05-05 14:59:35","1","0","0","0","","","","n","1","","","","","","","","","","","","","","","","","","","","","","","","","","","","","","","","","","","","","","","","","","","","","","","","","","","","",NA
"R_1TT4urdxHzliQ1C","Survey Phase","2011-05-05 15:02:10","2011-05-05 15:06:29","1","0","0","0","325","","","y","1","1","1","2","private","public","private","public","public","3","3","3","3","2","2","2","2","","","1","","","","1","","","","1","","","","1","","no","1","","66","4","female","3","3","3","5","3","3","3","5","","","","","","",NA
"R_bNNzBJmJTQHpHDe","Survey Phase","2011-05-05 14:19:32","2011-05-05 15:12:03","1","0","0","0","115","","","y","1","1","1","1","3","3","private","public","public","3","3","2","2","2","2","2","2","1","","1","","1","","1","","1","","","","","","","1","no","1","","64","1","female","3","3","3","5","3","3","3","5","","","","","","",NA
"R_enElPAdjUuoCHcM","Survey Phase","2011-05-05 15:05:47","2011-05-05 15:16:48","1","0","0","0","273","","","y","1","1","1","2","private","private","private","3","public","3","3","4","4","2","2","2","2","1","","","","1","","","","1","","","","1","","","","no","1","","63","6","female","3","3","3","3","4","4","4","4","","","","","","",NA
"R_eOSpQN6KiGZ0ztO","Survey Phase","2011-05-05 15:17:55","2011-05-05 15:21:05","1","0","0","0","216","","","y","1","1","1","1","3","3","private","public","public","1","1","2","2","2","1","2","2","","","","1","","","","1","1","","","","1","","","","no","1","","69","1","male","1","1","1","1","3","5","5","5","","","","","","",NA
"R_2cxogf6masjZmxS","Survey Phase","2011-05-05 15:20:39","2011-05-05 15:24:19","1","0","0","0","6","","","y","1","1","1","2","private","public","3","3","public","3","2","2","2","2","2","2","2","","1","","","","","","1","","1","","","","","","1","no","1","","64","5","female","3","5","3","5","6","5","6","5","","","","","","",NA
"R_0iHGH8zb1wyQAVS","Survey Phase","2011-05-05 15:23:00","2011-05-05 15:25:58","1","0","0","0","231","","","y","1","1","1","1","3","public","private","public","public","2","2","2","2","2","2","2","2","1","1","","","","1","","","1","1","","","1","1","","","no","1","","60","3","female","3","5","3","5","5","5","5","5","","","","","","",NA
"R_0Pvd2eri5kVfcMI","Survey Phase","2011-05-05 15:22:14","2011-05-05 15:27:57","1","0","0","0","7","","","y","1","1","2","1","3","public","private","public","public","2","2","2","2","2","2","2","2","","","","1","","","","1","","","","1","","","","1","no","1","","65","2","female","3","5","5","5","3","5","5","5","","","","","","",NA
"R_cHk24G3UxSRzHuI","Survey Phase","2011-05-05 15:30:14","2011-05-05 15:34:58","1","0","0","0","251","","","y","1","1","1","1","public","public","private","public","public","1","1","2","2","2","1","2","2","","","","1","","","","1","1","1","","","1","1","","","no","1","","68","1","male","1","1","1","1","3","5","3","5","","","","","","",NA
"R_3K3m6IduMJdCONK","Survey Phase","2011-05-05 15:39:42","2011-05-05 15:40:53","1","0","0","0","149","","","y","1","1","2","2","public","3","private","3","3","4","3","3","2","2","2","2","2","","1","","","","","1","","","1","","","","","1","","no","1","","72","23","male","5","5","5","5","5","5","5","5","","","","","","",NA
"R_7X7dHUTnoyjj2gk","Survey Phase","2011-05-05 15:37:18","2011-05-05 15:42:06","1","0","0","0","240","","","y","1","1","1","2","3","public","3","public","public","1","2","2","2","1","1","2","2","","","","1","","","","1","1","","","","1","","","","no","1","","67","3","male","1","1","1","1","3","5","3","5","","","","","","",NA
"R_bQruAwaluCz2IUQ","Survey Phase","2011-05-05 15:38:34","2011-05-05 15:42:24","1","0","0","0","215","","","y","1","1","1","1","3","public","private","public","public","1","1","2","2","1","1","2","2","","","","1","","","","1","1","","","","","","","1","no","1","","71","3","male","1","1","1","1","3","5","3","5","","","","","","",NA
"R_3CSg5EAK6tUOjju","Survey Phase","2011-05-05 15:45:01","2011-05-05 15:47:19","1","0","0","0","322","","","y","1","1","1","1","3","3","3","3","3","3","5","4","3","2","1","2","1","1","","","","","1","","","","","1","","1","","","","no","1","","73","2","male","3","3","3","3","3","3","3","3","","","","","","",NA
"R_emoLfEB6mGiDlXe","Survey Phase","2011-05-05 15:44:37","2011-05-05 15:48:05","1","0","0","0","19","","","y","1","1","2","1","private","3","private","public","public","3","2","3","2","2","2","2","2","","1","1","","1","","1","","1","1","1","","1","","1","","no","1","","69","1","female","1","3","1","3","1","3","1","3","","","","","","",NA
"R_4N01Vvr1hmUQHu4","Survey Phase","2011-05-05 15:58:12","2011-05-05 16:01:32","1","0","0","0","36","","","y","1","1","1","1","3","3","private","public","public","1","1","2","2","1","1","2","2","","","","1","","","","1","1","1","","","1","1","","","no","1","","65","2","male","1","1","1","1","3","5","3","5","","","","","","",NA
"R_0OCmdSF6PUIELVa","Survey Phase","2011-05-05 16:12:15","2011-05-05 16:15:39","1","0","0","0","154","","","y","1","1","1","2","private","public","private","public","public","1","1","2","2","1","1","2","2","","","","1","","","","1","","1","","","","","1","","no","1","","71","9","male","1","1","1","1","5","5","5","5","","","","","","",NA
"R_eyvQTDk0oDXBGTO","Survey Phase","2011-05-05 15:17:58","2011-05-05 16:19:16","1","0","0","0","324","","","y","1","1","1","1","private","private","private","public","public","2","2","2","2","1","1","1","1","","","","1","","","","1","","","","1","","","","1","no","1","","64","3","female","5","5","5","5","5","5","5","5","","","","","","",NA
"R_7QIzdWOdb0XeJUg","Survey Phase","2011-05-05 16:15:20","2011-05-05 16:23:47","1","0","0","0","195","","","y","1","1","1","2","private","public","3","public","public","3","2","2","2","1","2","2","2","","","","1","","","1","","1","","","","","","1","","no","1","","67","8","female","3","3","5","5","5","5","5","5","","","","","","",NA
"R_ePu0aK8kDrPqfsg","Survey Phase","2011-05-05 16:35:29","2011-05-05 16:37:40","1","0","0","0","156","","","y","1","1","1","2","private","3","3","public","public","1","2","2","2","1","2","2","2","","1","","","","1","","","","1","","","","1","","","no","1","","75","4","male","1","1","1","5","5","5","5","5","","","","","","",NA
"R_d10N6jgbkNanJR2","Survey Phase","2011-05-05 14:17:32","2011-05-05 16:41:48","1","0","0","0","244","","","y","1","1","1","2","private","3","3","public","3","1","1","2","2","2","2","2","2","","","","1","","","1","","1","1","","","1","1","1","","no","1","","72","2","male","1","1","1","1","3","5","3","5","","","","","","",NA
"R_a8Ego4z0tlNZBTC","Survey Phase","2011-05-05 16:40:21","2011-05-05 16:55:16","1","0","0","0","158","","","y","1","1","1","2","3","public","3","public","public","1","1","2","2","1","1","2","2","","","","1","","","","1","1","1","","","","1","","","no","1","","71","9","male","1","1","1","1","5","5","5","5","","","","","","",NA
"R_dgIrtsYuVzkn7uc","Survey Phase","2011-05-05 17:20:39","2011-05-05 17:24:34","1","0","0","0","229","","","y","1","1","1","1","public","public","private","public","public","2","2","2","2","2","2","2","2","1","1","","","","","","1","1","1","","","","","","1","no","1","","62","2","female","6","5","6","5","6","5","6","5","","","","","","",NA
"R_20noSh0mKyKvRwo","Survey Phase","2011-05-05 17:33:59","2011-05-05 17:35:03","1","0","0","0","162","","","n","1","","","","","","","","","","","","","","","","","","","","","","","","","","","","","","","","","","","","","","","","","","","","","","","","","","","","",NA
"R_0oLsQh8tEPBNHhy","Survey Phase","2011-05-05 14:50:51","2011-05-05 18:06:50","1","0","0","0","191","","","y","1","1","1","2","3","public","3","public","public","3","3","2","2","1","1","2","2","","","1","","","","1","","1","1","1","","1","1","1","","no","1","","68","3","female","3","3","3","3","3","5","3","5","","","","","","",NA
"R_56CiBeTpWHQgL2Y","Survey Phase","2011-05-05 18:21:44","2011-05-05 18:26:00","1","0","0","0","66","","","y","1","1","1","1","3","3","3","public","public","1","1","2","2","1","1","2","2","","","","1","","","","1","1","","","","1","","","","no","1","","70","2","male","1","1","1","1","3","5","5","5","","","","","","",NA
"R_4GFVyVC7kW981tW","Survey Phase","2011-05-05 18:24:35","2011-05-05 18:26:53","1","0","0","0","62","","","y","1","1","1","2","private","public","private","public","public","2","2","2","2","1","1","1","1","","","","1","","","","1","","","","1","","","","1","no","1","","65","4","female","3","5","3","5","3","5","3","5","","","","","","",NA
"R_6G1Do19zkjLaQKw","Survey Phase","2011-05-05 18:36:47","2011-05-05 18:42:16","1","0","0","0","384","","","y","1","1","1","2","private","public","private","public","3","3","2","3","2","2","2","2","2","","","1","","1","","","","","","","1","1","","","","no","1","","66","8","male","3","5","3","5","4","5","3","5","","","","","","",NA
"R_6E6SQENu9m4d1TC","Survey Phase","2011-05-05 18:40:49","2011-05-05 18:44:12","1","0","0","0","217","","","y","1","1","2","2","private","public","private","public","public","3","2","2","2","2","2","2","2","","","","1","","","","1","1","","","","","","","1","no","1","","64","4","female","3","3","3","5","3","5","3","5","","","","","","",NA
"R_81b9wD5sSBCBrCs","Survey Phase","2011-05-05 18:54:39","2011-05-05 18:56:50","1","0","0","0","76","","","y","1","1","1","1","private","3","private","public","public","3","2","2","2","2","2","2","2","","","","1","","","","1","1","","","","","","","1","no","1","","71","2","female","3","3","3","5","3","5","3","5","","","","","","",NA
"R_bfuzOKg69Nxp7X6","Survey Phase","2011-05-05 19:26:27","2011-05-05 19:32:44","1","0","0","0","72","","","y","1","1","1","2","private","public","3","public","public","1","1","2","2","1","1","2","2","","","","1","","","","1","1","1","","","","1","","","no","1","","72","4","male","1","1","1","1","3","5","3","5","","","","","","",NA
"R_8k2ASwz7kRxqHoU","Survey Phase","2011-05-05 20:56:20","2011-05-05 21:00:59","1","0","0","0","124","","","y","1","1","1","2","private","public","3","public","public","2","2","2","2","2","2","2","2","1","1","","","","","","1","1","1","","","","","","1","no","1","","60","6","female","5","5","5","5","5","5","5","5","","","","","","",NA
"R_6YimWC3cmTQnTwg","Survey Phase","2011-05-05 21:39:34","2011-05-05 21:46:41","1","0","0","0","198","","","y","1","1","1","1","3","3","3","public","public","1","1","2","2","1","1","2","2","","","","1","","","","1","","1","","","","","","1","no","1","","72","3","male","1","1","1","1","5","5","5","5","","","","","","",NA
"R_bacsGNtGOQYLARC","Survey Phase","2011-05-05 22:10:02","2011-05-05 22:15:32","1","0","0","0","218","","","y","1","1","1","1","public","private","private","public","public","1","1","2","2","2","1","2","2","","1","","","","","","1","","1","","","","","","1","no","1","","69","2","male","1","1","1","1","3","5","3","5","","","","","","",NA
"R_etwspOkfaOuzL2k","Survey Phase","2011-05-05 22:10:20","2011-05-05 22:27:26","1","0","0","0","309","","","y","1","1","1","1","public","public","private","public","public","3","2","3","2","2","2","2","2","","1","1","","1","1","1","","1","1","1","","1","1","1","","no","1","","64","2","female","3","3","3","3","3","3","3","3","","","","","","",NA
"R_78oMWGkbz0RzwVe","Survey Phase","2011-05-05 23:02:47","2011-05-05 23:07:09","1","0","0","0","234","","","y","1","1","1","1","3","public","public","public","public","2","2","2","2","2","2","2","2","","1","","","","","","1","","1","","","","","","1","no","1","","68","1","female","5","5","5","5","5","5","5","5","","","","","","",NA
"R_5dN7F2CEa9a0qqw","Survey Phase","2011-05-06 00:30:44","2011-05-06 00:35:18","1","0","0","0","319","","","y","1","1","2","2","public","public","private","public","public","","","","","","","","","","","","","","","","","","","","","","","","","no","1","","69","16","male","1","1","1","1","6","6","6","5","","","","","","",NA
"R_9ERHvbBEIPox4Us","Survey Phase","2011-05-06 00:44:14","2011-05-06 00:47:56","1","0","0","0","177","","","y","1","1","2","3","private","private","private","private","private","2","2","2","2","2","2","2","2","","","","1","","","","1","1","1","","","","","","1","no","1","","72","39","male","1","5","1","5","3","5","3","5","","","","","","",NA
"R_cHeJG0CjtrAhsu8","Survey Phase","2011-05-06 01:01:10","2011-05-06 01:07:33","1","0","0","0","307","","","y","1","1","1","2","3","public","private","public","public","1","1","2","2","1","1","2","2","","","1","","","","1","","","1","1","","","","1","","no","1","","68","6","male","1","1","1","1","4","5","3","5","","","","","","",NA
"R_b7pK8NKDVUj8Vhy","Survey Phase","2011-05-05 14:23:35","2011-05-06 01:38:40","1","0","0","0","294","","","y","1","1","1","1","private","3","3","3","public","2","2","2","2","2","2","2","2","","","1","","","","1","","","1","","","","","","1","no","1","","65","3","female","3","5","3","5","3","5","3","5","","","","","","",NA
"R_d7tAb3vRu8V3nVO","Survey Phase","2011-05-06 07:59:12","2011-05-06 08:11:00","1","0","0","0","125","","","y","1","1","1","2","private","public","3","public","3","2","2","2","2","2","2","2","2","1","","1","","","","","1","1","","","","1","","","","no","1","","66","7","female","3","5","3","5","6","5","6","5","","","","","","",NA
"R_5q0uaPQ88Za6kUA","Survey Phase","2011-05-06 09:33:30","2011-05-06 09:39:42","1","0","0","0","328","","","y","1","1","1","2","private","3","private","public","public","","","","","","","","","","","","","","","","","","","","","","","","","no","1","","68","4","female","3","3","5","5","3","3","5","5","","","","","","",NA
"R_cI540quGtcdlwH2","Survey Phase","2011-05-06 10:20:07","2011-05-06 10:22:52","1","0","0","0","269","","","y","1","1","1","1","public","public","3","public","public","4","4","4","2","1","1","1","2","","","1","","","","1","","","","1","","","","1","","no","1","","66","4","female","3","3","3","5","3","3","3","3","","","","","","",NA
"R_8GQ5s3JltXXh5di","Survey Phase","2011-05-06 15:31:05","2011-05-06 15:35:22","1","0","0","0","204","","","y","1","1","1","2","3","public","3","public","public","3","2","2","2","2","2","2","2","1","","","","","","1","1","1","","","","","","","1","no","1","","67","7","female","3","5","6","5","6","5","6","5","","","","","","",NA
"R_e8rIYUr43lKH24I","Survey Phase","2011-05-06 16:21:45","2011-05-06 16:24:30","1","0","0","0","99","","","y","1","1","1","2","private","3","3","public","public","1","1","2","2","1","1","2","2","","1","","","","","","1","","1","","","","","","1","no","1","","75","5","male","1","1","1","1","3","5","3","5","","","","","","",NA
"R_77jsfEym9fOYF2k","Survey Phase","2011-05-07 10:43:28","2011-05-07 10:47:56","1","0","0","0","306","","","y","1","1","1","2","3","public","private","public","public","1","1","2","2","1","1","2","2","","","","1","","","","1","","1","","","","1","","","no","1","","77","5","male","1","1","1","1","3","5","3","5","","","","","","",NA
"R_enzXci6MNjmNifO","Survey Phase","2011-05-07 10:51:38","2011-05-07 10:54:05","1","0","0","0","282","","","y","1","1","1","2","private","3","private","public","public","3","2","3","2","2","2","2","2","","","1","","","","1","","","","","1","","","","1","no","1","","61","4","female","3","3","3","5","3","3","3","5","","","","","","",NA
"R_5ztqVbUkvYGN41K","Survey Phase","2011-05-07 14:52:00","2011-05-07 14:54:25","1","0","0","0","345","","","y","1","1","1","2","3","public","private","public","public","1","2","2","2","1","2","2","2","","","","1","","","1","","","","","1","","","","1","no","1","","76","2","male","1","1","1","5","5","5","5","5","","","","","","",NA
"R_a620tm0IMIxngnG","Survey Phase","2011-05-07 15:21:36","2011-05-07 15:24:18","1","0","0","0","233","","","y","1","1","1","1","public","public","private","public","public","2","2","2","2","2","2","2","2","1","","","","","","","1","1","","","","","","","1","no","1","","64","1","female","3","5","3","5","5","5","5","5","","","","","","",NA
"R_dmqhCiRa2xuLijG","Survey Phase","2011-05-07 20:27:22","2011-05-07 20:31:21","1","0","0","0","134","","","y","1","1","1","2","private","public","3","public","public","1","1","2","2","1","1","2","2","","","","1","","","","1","1","1","","","","1","","","no","1","","74","2","male","1","1","1","1","3","5","3","5","","","","","","",NA
"R_55NrHChFUPnBwRm","Survey Phase","2011-05-08 10:10:27","2011-05-08 10:13:22","1","0","0","0","377","","","y","1","1","1","2","private","3","private","public","public","2","2","2","2","2","2","2","2","1","","","","","","","1","1","","","","","","","1","no","1","","70","3","female","3","5","3","5","5","5","5","5","","","","","","",NA
"R_26t6dmUmpDfx5is","Survey Phase","2011-05-08 10:10:13","2011-05-08 10:17:12","1","0","0","0","141","","","y","1","1","1","2","private","public","3","public","public","3","2","2","2","2","2","2","2","1","","","","","","","1","1","","","","1","","","","no","1","","66","4","female","3","3","3","5","5","5","5","5","","","","","","",NA
"R_5jvZ1NsWHRmcBJW","Survey Phase","2011-05-08 10:23:46","2011-05-08 10:25:39","1","0","0","0","132","","","y","1","1","1","2","public","public","public","public","public","4","4","4","4","1","1","1","1","","1","","","","1","","","","1","","","","1","","","no","1","","75","4","male","1","1","1","1","1","1","1","1","","","","","","",NA
"R_eXTBqTOzr6i7q04","Survey Phase","2011-05-08 10:22:26","2011-05-08 10:27:05","1","0","0","0","150","","","y","1","1","1","2","3","3","3","3","public","1","1","2","2","1","1","2","2","","","","1","","","","1","1","","","","","","","1","no","1","","71","19","male","1","1","1","1","3","5","3","5","","","","","","",NA
"R_8cEbzClPPRC3VNG","Survey Phase","2011-05-08 10:22:15","2011-05-08 10:27:35","1","0","0","0","187","","","y","1","1","2","2","private","3","private","3","public","2","2","2","2","2","2","2","2","","1","","","","","","1","","1","","","","","","1","no","1","","69","7","female","3","5","3","5","6","5","6","5","","","","","","",NA
"R_eLHBBQrptbZgMPa","Survey Phase","2011-05-08 10:27:59","2011-05-08 10:31:33","1","0","0","0","75","","","y","1","1","2","1","private","private","private","private","private","1","2","2","2","1","2","2","2","","","","1","","","","1","","1","","","","","","1","no","1","","68","4","male","1","1","1","5","3","5","5","5","","","","","","",NA
"R_2bhT0bH88l8UQRe","Survey Phase","2011-05-08 10:24:37","2011-05-08 10:32:29","1","0","0","0","34","","","y","1","1","1","2","private","3","private","public","public","","","","","","","","","","","","","","","","","","","","","","","","","no","1","","69","3","male","1","1","1","1","3","5","3","5","","","","","","",NA
"R_a5x8AdkG45s0N80","Survey Phase","2011-05-08 10:38:51","2011-05-08 10:41:32","1","0","0","0","326","","","y","1","1","1","1","private","3","3","public","public","1","1","2","2","1","1","2","2","","","","1","","","","1","","1","","","","1","","","no","1","","67","2","male","1","1","1","1","3","5","3","5","","","","","","",NA
"R_5dt4LfaGIjtPQtC","Survey Phase","2011-05-08 10:42:15","2011-05-08 10:46:25","1","0","0","0","13","","","y","1","1","1","2","private","3","private","private","3","1","1","2","2","1","1","2","2","","","","1","","","","1","1","","","","","","","1","no","1","","70","3","male","1","1","1","1","3","5","3","5","","","","","","",NA
"R_eR4ve2WvwyqVbHC","Survey Phase","2011-05-08 10:48:42","2011-05-08 10:51:35","1","0","0","0","89","","","y","1","1","1","1","public","public","3","public","public","3","2","3","2","2","2","2","2","","","1","","","","1","","","","","1","","","","1","no","1","","66","1","female","3","3","3","3","3","3","3","3","","","","","","",NA
"R_6hC9tzpRsesO0kc","Survey Phase","2011-05-08 11:06:00","2011-05-08 11:10:42","1","0","0","0","323","","","y","1","1","1","2","private","3","3","public","public","1","1","2","2","2","2","2","2","","","","1","","","","1","1","","","","1","","","","no","1","","69","3","male","1","1","1","1","1","1","1","1","","","","","","",NA
"R_1ByZ5RMC6XN39Q0","Survey Phase","2011-05-08 11:22:12","2011-05-08 11:24:56","1","0","0","0","87","","","y","1","1","1","1","3","3","private","public","public","2","2","2","2","2","2","2","2","","1","","","","","","1","","1","","","","","","1","no","1","","64","5","female","3","5","3","5","3","5","5","5","","","","","","",NA
"R_em2UaNNfsHvBmU4","Survey Phase","2011-05-08 10:41:33","2011-05-08 11:25:47","1","0","0","0","16","","","y","1","1","1","1","3","3","private","public","public","3","2","2","2","1","2","2","2","","","","1","","","","1","1","1","","","","","","1","no","1","","64","2","female","3","5","3","5","5","5","5","5","","","","","","",NA
"R_0I0SMO5212lRUlS","Survey Phase","2011-05-08 11:35:44","2011-05-08 11:39:40","1","0","0","0","107","","","y","1","1","1","2","private","public","private","public","public","3","2","2","2","2","2","2","2","1","1","1","","","1","1","","1","1","1","","","1","1","","no","1","","65","8","female","3","3","3","5","3","5","3","5","","","","","","",NA
"R_bKtyynHarR32m0Y","Survey Phase","2011-05-08 11:44:15","2011-05-08 11:47:09","1","0","0","0","227","","","y","1","1","1","2","private","public","3","public","public","2","2","2","2","2","2","2","2","","1","","","","","","1","","1","","","","","","1","no","1","","63","6","female","3","5","3","5","5","5","5","5","","","","","","",NA
"R_5je2JuC8u9jQ0kc","Survey Phase","2011-05-08 11:40:42","2011-05-08 11:47:15","1","0","0","0","26","","","y","1","1","1","2","private","3","private","public","3","2","2","2","2","2","2","2","2","","1","1","","","","","1","","1","1","","","","","1","no","1","","64","4","female","3","5","3","5","5","5","5","5","","","","","","",NA
"R_9WQNmCk1juQZrY8","Survey Phase","2011-05-08 11:58:41","2011-05-08 12:03:28","1","0","0","0","14","","","y","1","1","1","2","private","3","private","public","public","3","2","2","2","2","2","2","2","","1","1","","","1","","","1","1","1","","","1","","","no","1","","65","13","male","1","3","3","5","4","5","5","5","","","","","","",NA
"R_a2IWpueyn1yZ2AY","Survey Phase","2011-05-08 12:25:32","2011-05-08 12:28:00","1","0","0","0","38","","","y","1","1","1","2","private","public","3","public","public","1","1","2","2","2","2","2","2","","","","1","","","","1","","1","","","","","","1","no","1","","68","4","male","1","1","1","1","5","5","5","5","","","","","","",NA
"R_09rwyarJP1op7Zq","Survey Phase","2011-05-08 12:48:02","2011-05-08 12:52:28","1","0","0","0","155","","","y","1","1","1","1","3","public","3","public","public","3","2","3","2","2","2","2","2","","1","1","","","1","1","","1","1","1","","","1","1","","no","1","","65","1","female","3","3","3","5","3","3","3","5","","","","","","",NA
"R_9ZXwEiG4jkMWukk","Survey Phase","2011-05-05 15:10:46","2011-05-08 13:00:25","1","0","0","0","298","","","y","1","1","1","2","private","public","3","public","public","2","2","2","2","2","2","2","2","1","","","","","","","1","1","","","","","","","1","no","1","","64","5","female","4","5","4","5","4","5","4","5","","","","","","",NA
"R_3IqbEz4AAceUJqQ","Survey Phase","2011-05-08 13:13:41","2011-05-08 13:16:48","1","0","0","0","130","","","y","1","1","1","1","private","public","private","public","public","3","2","3","2","2","2","2","2","","1","","","","","","1","","1","","","","","","1","no","1","","69","2","female","4","3","4","5","4","3","3","5","","","","","","",NA
"R_6lpCk7uTKcxR8Z6","Survey Phase","2011-05-08 13:29:01","2011-05-08 13:35:15","1","0","0","0","261","","","y","1","1","1","2","private","3","3","public","public","3","2","2","2","2","2","2","2","","1","","","","","","1","1","1","","","","","","1","no","1","","65","5","female","3","5","3","5","4","5","4","5","","","","","","",NA
"R_1zwF1BcUDrxfYRm","Survey Phase","2011-05-08 13:46:10","2011-05-08 13:54:25","1","0","0","0","380","","","y","1","1","1","1","private","private","private","public","public","1","1","2","2","1","1","2","2","","","","1","","","","1","","1","1","","","1","1","","no","1","","65","13","male","1","1","1","1","5","5","5","5","","","","","","",NA
"R_0dLDwv36BA6hjVy","Survey Phase","2011-05-05 13:28:24","2011-05-08 14:13:26","1","0","0","0","276","","","y","1","1","2","2","private","private","private","public","public","1","1","2","2","1","1","2","2","","","","1","","","","1","1","1","","","","1","","","no","1","","72","4","male","1","1","1","1","5","5","5","5","","","","","","",NA
"R_88jmr3DVVpuydda","Survey Phase","2011-05-08 14:12:38","2011-05-08 14:15:08","1","0","0","0","267","","","y","1","1","1","1","public","public","3","public","public","1","1","2","2","1","1","2","2","","","","1","","","","1","1","1","","","1","1","","","no","1","","73","2","male","1","1","1","1","3","5","3","5","","","","","","",NA
"R_5dUD5zgUerDbtxG","Survey Phase","2011-05-08 14:32:01","2011-05-08 14:36:26","1","0","0","0","105","","","y","1","1","1","1","private","3","private","public","public","1","1","2","2","1","1","2","2","","","1","","","","1","","1","","","","1","","","","no","1","","70","1","male","1","1","1","1","3","5","5","5","","","","","","",NA
"R_eMcqlWRg8z7mNQo","Survey Phase","2011-05-08 14:39:05","2011-05-08 14:44:33","1","0","0","0","42","","","y","1","1","1","2","private","3","private","public","public","3","2","2","2","2","2","2","2","1","1","1","","","","1","","1","1","1","","","","1","","no","1","","64","9","female","3","5","3","5","5","5","5","5","","","","","","",NA
"R_3pCY4lXwyKx5zHS","Survey Phase","2011-05-08 14:43:47","2011-05-08 14:50:02","1","0","0","0","287","","","y","1","1","1","2","public","public","3","public","public","3","2","2","2","1","2","2","2","","1","1","","","","","1","1","1","","","1","1","","","no","1","","64","5","female","3","5","3","5","5","5","5","5","","","","","","",NA
"R_0Dm8lrYnjcXpzvu","Survey Phase","2011-05-08 14:48:08","2011-05-08 14:51:12","1","0","0","0","205","","","y","1","1","1","1","3","public","private","public","public","3","2","2","2","2","2","2","2","","1","","","","1","","","","1","","","","1","","","no","1","","62","2","female","3","3","3","5","3","3","3","5","","","","","","",NA
"R_9WzdJFh77sacK0s","Survey Phase","2011-05-08 14:52:45","2011-05-08 14:56:39","1","0","0","0","189","","","y","1","1","1","2","private","3","private","public","public","1","2","2","2","1","2","2","2","","","","1","","","","1","","1","","","","","","1","no","1","","73","4","male","1","5","1","5","5","5","5","5","","","","","","",NA
"R_a9ILS7DqDNF9TFy","Survey Phase","2011-05-08 15:38:40","2011-05-08 15:41:11","1","0","0","0","40","","","y","1","1","1","2","3","public","3","public","public","1","1","2","2","1","1","2","2","","","","1","","","","1","1","","","","1","","","","no","1","","75","5","male","1","1","1","1","5","5","5","5","","","","","","",NA
"R_b2g0d66umZ6P4xu","Survey Phase","2011-05-08 12:48:25","2011-05-08 15:44:40","1","0","0","0","241","","","y","1","1","1","2","private","3","3","public","public","1","1","2","2","1","1","2","2","","","","1","","","","1","1","","","","","1","1","","no","1","","63","25","male","1","1","1","1","3","5","3","5","","","","","","",NA
"R_1QRq7hW7jUBTYNK","Survey Phase","2011-05-05 14:06:14","2011-05-08 17:34:40","1","0","0","0","245","","","y","1","1","1","1","3","3","private","3","public","2","2","2","2","2","2","2","2","1","1","","","","","","1","1","1","","","","","","1","no","1","","64","3","female","3","3","3","5","3","5","3","5","","","","","","",NA
"R_8tU9tR0uRk91hhG","Survey Phase","2011-05-08 17:36:18","2011-05-08 17:36:44","1","0","0","0","351","","","n","1","","","","","","","","","","","","","","","","","","","","","","","","","","","","","","","","","","","","","","","","","","","","","","","","","","","","",NA
"R_9vkfC1oY1EBzKja","Survey Phase","2011-05-08 18:25:20","2011-05-08 18:30:11","1","0","0","0","284","","","y","1","1","1","2","private","3","private","public","public","1","1","2","2","1","1","2","2","","","","1","","","","1","","1","","","","1","","","no","1","","71","2","male","1","1","1","1","3","5","5","5","","","","","","",NA
"R_0MNTYwNZBLBKUtK","Survey Phase","2011-05-08 19:09:13","2011-05-08 19:14:23","1","0","0","0","315","","","y","1","1","1","2","private","public","3","public","public","3","2","2","2","2","2","2","2","","","","1","","","","1","","1","","","","","","1","no","1","","64","8","female","3","5","3","5","3","5","3","5","","","","","","",NA
"R_0jotNPWAcl2VaJe","Survey Phase","2011-05-08 19:42:51","2011-05-08 19:47:14","1","0","0","0","165","","","y","1","1","1","2","private","3","private","public","public","3","2","2","2","1","2","2","2","","","1","","","1","","","","1","","","","1","","","no","1","","69","4","female","3","5","3","5","5","5","5","5","","","","","","",NA
"R_do6451kMbMLdsO0","Survey Phase","2011-05-08 20:59:39","2011-05-08 21:02:33","1","0","0","0","31","","","y","1","1","1","2","private","private","private","public","public","2","2","2","2","2","2","2","2","","","","1","","","","1","","","","1","","","","1","no","1","","62","5","female","4","5","4","5","4","5","4","5","","","","","","",NA
"R_03qI0wlKOZpqi3O","Survey Phase","2011-05-09 00:12:38","2011-05-09 00:53:50","1","0","0","0","304","","","y","1","1","1","2","private","3","private","public","3","3","2","2","2","2","2","2","2","","1","","","","","1","","1","1","1","","","","1","","no","1","","65","7","female","3","3","3","5","3","5","3","5","","","","","","",NA
"R_0PYqJkccqnDW0iU","Survey Phase","2011-05-09 11:14:54","2011-05-09 11:18:11","1","0","0","0","182","","","y","1","1","1","2","private","3","3","public","public","2","2","2","2","2","2","2","2","1","","","","","","","1","1","","","","","","","1","no","1","","67","3","female","3","5","3","5","3","5","3","5","","","","","","",NA
"R_0d1mlU0yVEdTXY8","Survey Phase","2011-05-09 12:11:57","2011-05-09 12:14:43","1","0","0","0","255","","","y","1","1","1","1","3","3","private","public","public","2","2","2","2","2","2","2","2","1","","","","","","","1","1","","","","","","","1","no","1","","60","2","female","3","5","3","5","3","5","3","5","","","","","","",NA
"R_ddjL0rfxeiIBTzC","Survey Phase","2011-05-09 16:55:01","2011-05-09 16:59:37","1","0","0","0","295","","","y","1","1","1","2","private","3","private","public","public","3","2","2","2","2","2","2","2","","","","1","","","","1","1","","","","","","","1","no","1","","68","4","female","3","3","3","5","3","3","3","5","","","","","","",NA
"R_4Tunl0c8ZWqe32s","Survey Phase","2011-05-09 17:57:26","2011-05-09 18:00:56","1","0","0","0","54","","","y","1","1","2","2","private","3","private","public","public","1","2","2","2","1","2","2","2","","","","1","","","","1","1","1","1","","","","","1","no","1","","68","23","male","1","1","1","5","3","5","3","5","","","","","","",NA
"R_ewzmDKEV1PGyd2Q","Survey Phase","2011-05-10 10:23:08","2011-05-10 10:25:37","1","0","0","0","1_retest","","","y","1","1","1","2","private","3","3","3","private","1","1","1","1","1","2","2","2","1","1","","","","","","1","1","1","","","","","","1","no","1","","66","12","male","1","1","1","1","3","5","3","5","","","","","","",NA
"R_aa75BTbr8cqa6uE","Survey Phase","2011-05-10 10:25:19","2011-05-10 10:27:02","1","0","0","0","373_retest","","","y","1","1","1","2","private","private","private","private","3","1","1","2","2","2","2","2","2","","","","1","","","","1","","","","1","","","","1","no","1","","75","3","male","5","5","5","5","5","5","5","5","","","","","","",NA
"R_a9LIS1g4kByurfS","Survey Phase","2011-05-10 10:38:41","2011-05-10 10:40:52","1","0","0","0","340_retest","","","y","1","1","1","2","private","public","private","public","public","1","1","2","2","1","1","2","2","","","","1","","","","1","","","","1","","","","1","no","1","","69","8","male","1","1","1","1","3","5","5","5","","","","","","",NA
"R_1MkJmpqcNgerfX6","Survey Phase","2011-05-10 11:25:33","2011-05-10 11:27:57","1","0","0","0","364_retest","","","y","1","1","1","2","private","public","private","public","public","2","2","2","2","2","2","2","2","","1","","","","","","1","","1","","","","","","1","no","1","","60","2","female","3","5","3","5","3","5","3","5","","","","","","",NA
"R_1LClIYPagIHfZli","Survey Phase","2011-05-10 11:05:05","2011-05-10 11:30:15","1","0","0","0","352_retest","","","y","1","1","2","2","private","private","private","public","3","3","2","3","2","2","2","2","2","","","","1","","","1","1","","","","1","","","1","1","no","1","","67","3","male","3","5","3","5","3","5","3","5","","","","","","",NA
"R_bllMNZT30NZ4sdK","Survey Phase","2011-05-10 11:47:12","2011-05-10 11:50:44","1","0","0","0","387_retest","","","y","1","1","1","1","3","3","private","public","public","2","2","2","2","2","2","2","2","1","","","","","","","1","1","","","","","","","1","no","1","","64","1","female","3","5","3","5","3","5","3","5","","","","","","",NA
"R_3kQim8xUMcqMRCI","Survey Phase","2011-05-10 12:11:25","2011-05-10 12:13:50","1","0","0","0","210_retest","","","y","1","1","1","2","private","public","private","public","public","1","1","2","2","1","1","2","2","","","","1","","","","1","","","","1","","","","1","no","1","","70","9","male","1","1","1","1","3","5","3","5","","","","","","",NA
"R_b1R7BjruUUOCy5C","Survey Phase","2011-05-10 12:17:00","2011-05-10 12:20:19","1","0","0","0","226_retest","","","y","1","1","1","2","private","public","3","public","public","3","2","3","2","2","2","2","2","1","","","","","","","1","1","","","","","","","1","no","1","","62","9","female","3","3","3","5","3","3","3","5","","","","","","",NA
"R_5zDdPwiWRrgekte","Survey Phase","2011-05-10 12:46:49","2011-05-10 12:49:32","1","0","0","0","80_retest","","","y","1","1","1","2","private","3","private","public","public","3","2","2","2","2","2","2","2","","","","1","","","","1","1","","","","","","","1","no","1","","62","10","female","3","3","3","5","3","5","3","5","","","","","","",NA
"R_byFtpYgzXPg1Amo","Survey Phase","2011-05-10 12:56:26","2011-05-10 12:58:53","1","0","0","0","223_retest","","","y","1","1","1","2","private","public","3","public","public","1","1","2","2","1","1","2","2","","","","1","","","","1","1","1","","","1","","","","no","1","","71","4","male","1","1","1","1","5","5","5","5","","","","","","",NA
"R_eflehhqeRL9HB2I","Survey Phase","2011-05-10 13:27:52","2011-05-10 13:30:41","1","0","0","0","74_retest","","","y","1","1","1","2","private","public","3","public","public","3","2","2","2","2","2","2","2","1","","","","","","","1","1","","","","","","","1","no","1","","68","6","female","3","3","3","5","3","5","3","5","","","","","","",NA
"R_0Gld0tZJXdEO8xC","Survey Phase","2011-05-10 18:04:48","2011-05-10 18:07:11","1","0","0","0","112_retest","","","y","1","1","1","2","private","3","private","3","public","2","2","2","2","2","2","2","2","","1","","","","","","1","","1","","","","","","1","no","1","","65","4","female","5","5","5","5","5","5","5","5","","","","","","",NA
"R_0BRdjgTTGSyyyNu","Survey Phase","2011-05-10 19:59:33","2011-05-10 20:02:32","1","0","0","0","56_retest","","","y","1","1","1","1","public","3","private","public","public","1","1","2","2","1","1","2","2","","","1","","","","1","","","1","","","","","","1","no","1","","67","3","male","1","1","1","1","5","5","5","5","","","","","","",NA
"R_d0hrsRl6z6WyVP6","Survey Phase","2011-05-10 21:09:25","2011-05-10 21:11:48","1","0","0","0","58","","","y","1","1","1","2","private","3","private","public","public","3","2","3","2","2","2","2","2","1","","","","","","","1","1","","","","","","","1","no","1","","65","5","female","3","3","3","5","3","3","3","5","","","","","","",NA
"R_cSKpZR9SNlFDVB2","Survey Phase","2011-05-05 14:37:57","2011-05-10 21:13:19","1","0","0","0","159","","","y","1","1","1","2","3","3","3","public","3","3","2","2","2","2","2","2","2","1","","","","","1","1","","1","","","","","1","1","","no","1","","70","7","female","3","5","3","5","3","5","3","5","","","","","","",NA
"R_eeTq1dqJIFWj1GY","Survey Phase","2011-05-10 21:10:00","2011-05-10 21:14:22","1","0","0","0","291","","","y","1","1","1","2","private","public","public","public","public","3","2","3","2","2","2","2","2","1","1","1","","1","1","1","","1","1","1","","1","1","1","","no","1","","65","4","female","1","1","1","1","3","5","3","5","","","","","","",NA
"R_6tcAdbw24xoMrDm","Survey Phase","2011-05-10 21:17:04","2011-05-10 21:19:35","1","0","0","0","288","","","y","1","1","1","1","3","3","private","public","public","3","2","3","2","2","2","2","2","","","","1","","","","1","","","","1","","","","1","no","1","","66","3","female","3","3","3","5","3","3","3","5","","","","","","",NA
"R_8cbfulubYDnefgo","Survey Phase","2011-05-05 13:26:27","2011-05-10 21:22:13","1","0","0","0","382","","","y","1","1","1","2","private","public","private","public","public","2","2","2","2","2","2","2","2","","1","","","","","","1","","1","","","","","","1","no","1","","68","3","female","3","5","3","5","3","5","3","5","","","","","","",NA
"R_3gDEQhxKoHoMNyQ","Survey Phase","2011-05-10 21:21:39","2011-05-10 21:25:33","1","0","0","0","222","","","y","1","1","1","2","3","public","public","public","public","3","2","3","2","2","2","2","2","","1","1","","","1","1","","1","1","1","","","1","1","","no","1","","62","4","female","3","3","3","5","3","3","3","5","","","","","","",NA
"R_6MAy2w27zXShwaM","Survey Phase","2011-05-10 21:18:15","2011-05-10 21:26:02","1","0","0","0","243","","","y","1","1","1","2","private","public","3","public","public","3","2","3","2","2","2","2","2","","1","","","","1","","","","1","","","","1","","","no","1","","67","3","female","3","3","3","5","3","5","3","5","","","","","","",NA
"R_55pPGENk77eQvOs","Survey Phase","2011-05-10 21:26:56","2011-05-10 21:29:48","1","0","0","0","185","","","y","1","1","1","2","3","3","private","public","public","2","2","2","2","2","2","2","2","","1","","","","1","","","","1","","","","1","","","no","1","","67","4","female","5","5","5","5","5","5","5","5","","","","","","",NA
"R_6rIPmlxwJzs7NQg","Survey Phase","2011-05-10 21:30:14","2011-05-10 21:33:25","1","0","0","0","320","","","y","1","1","1","2","private","private","private","private","private","1","1","2","2","1","1","2","2","","","","1","","","","1","","1","","","","","","1","no","1","","70","4","male","1","1","1","1","5","5","5","5","","","","","","",NA
"R_db4t1kb2ACYaw2E","Survey Phase","2011-05-10 21:34:29","2011-05-10 21:37:05","1","0","0","0","367","","","y","1","1","1","2","private","3","private","3","public","1","1","2","2","1","1","2","2","","","","1","","","","1","","1","","","","1","","","no","1","","73","4","male","1","1","1","1","3","5","3","5","","","","","","",NA
"R_2nRLCwrjygOtamw","Survey Phase","2011-05-10 21:39:07","2011-05-10 21:43:55","1","0","0","0","211","","","y","1","1","1","2","private","public","private","public","public","2","2","2","2","2","2","2","2","1","1","","","","","","1","1","1","","","","","","1","no","1","","60","5","female","3","5","3","5","3","5","3","5","","","","","","",NA
"R_5vGB3cl0qqaapIU","Survey Phase","2011-05-10 21:46:20","2011-05-10 21:48:42","1","0","0","0","263","","","y","1","1","1","2","private","public","private","public","public","1","1","2","2","1","1","2","2","","","","1","","","","1","","1","","","","","1","","no","1","","70","4","male","1","1","1","1","3","5","3","5","","","","","","",NA
"R_6mVtM9MoGddctp2","Survey Phase","2011-05-10 21:15:01","2011-05-10 21:49:54","1","0","0","0","83","","","y","1","1","1","2","private","public","public","public","public","1","1","2","2","2","1","2","2","","","1","","","","1","","1","1","","","1","1","","","no","1","","76","6","male","1","1","1","1","5","5","4","1","","","","","","",NA
"R_eRk2BMrVFYC8Gs4","Survey Phase","2011-05-10 21:58:17","2011-05-10 22:01:17","1","0","0","0","2","","","y","1","1","1","2","3","3","private","public","public","1","1","2","2","1","1","2","2","","","","1","","","","1","1","","","","","1","","","no","1","","71","3","male","1","1","1","1","5","5","5","5","","","","","","",NA
"R_b7xMVuxGkSCYR9i","Survey Phase","2011-05-10 22:03:15","2011-05-10 22:06:00","1","0","0","0","25","","","y","1","1","1","1","3","public","private","public","public","3","2","2","1","2","2","2","2","1","","","","","","","1","1","","","","","","","1","no","1","","68","1","female","3","3","3","5","6","5","6","5","","","","","","",NA
"R_1HUAWGrO4STrxD6","Survey Phase","2011-05-10 22:08:42","2011-05-10 22:11:05","1","0","0","0","374","","","y","1","1","1","2","private","3","private","public","public","1","1","2","2","1","1","2","2","","","","1","","","","1","","","","1","","","","1","no","1","","68","8","male","1","1","1","1","1","1","1","1","","","","","","",NA
"R_eEW4zVJW9vFhhOc","Survey Phase","2011-05-10 22:13:28","2011-05-10 22:16:18","1","0","0","0","281","","","y","1","1","1","1","3","3","public","public","public","3","2","2","2","2","2","2","2","","1","","","1","1","","","1","1","","","1","1","","","no","1","","62","4","female","3","3","3","5","3","5","3","5","","","","","","",NA
"R_bDUqXuTo6b23ZA0","Survey Phase","2011-05-10 22:25:10","2011-05-10 22:29:44","1","0","0","0","143","","","y","1","1","1","2","private","3","private","public","public","2","2","2","2","2","2","2","2","1","","","","","","","1","1","","","","","","","1","no","1","","66","5","female","3","5","3","5","3","5","3","5","","","","","","",NA
"R_0jhRIgmJx5wn7GA","Survey Phase","2011-05-10 22:48:27","2011-05-10 22:52:04","1","0","0","0","144","","","y","1","1","1","2","private","3","private","public","public","2","2","2","2","2","2","2","2","","1","1","","","1","1","","","1","1","","","1","1","","no","1","","66","14","male","1","5","3","5","3","5","3","5","","","","","","",NA
"R_5Bkqz6S6EKTmuXi","Survey Phase","2011-05-10 22:57:14","2011-05-10 23:00:27","1","0","0","0","289","","","y","1","1","1","2","private","3","private","public","public","1","1","2","2","1","1","2","2","","","","1","","","","1","","1","","","","1","1","","no","1","","71","3","male","1","1","1","1","3","5","3","5","","","","","","",NA
"R_etXhsx8QH0fQ62M","Survey Phase","2011-05-10 23:09:30","2011-05-10 23:13:38","1","0","0","0","343","","","y","1","1","2","2","private","public","private","public","public","2","2","2","2","2","2","2","2","","1","","","","1","","","","1","","","","1","","","no","1","","60","4","female","3","5","3","5","3","5","3","5","","","","","","",NA
"R_essPQeliDWAGpgw","Survey Phase","2011-05-08 19:43:05","2011-05-10 23:15:32","1","0","0","0","262","","","y","1","1","1","2","private","private","private","private","3","2","2","2","2","2","2","2","2","","1","","","","1","","","","1","","","","1","","","no","1","","64","7","female","3","5","3","5","3","5","3","5","","","","","","",NA
"R_ahkTWxJQYRGIWdC","Survey Phase","2011-05-10 21:08:49","2011-05-11 00:21:03","1","0","0","0","118","","","y","1","1","1","2","private","3","private","3","3","3","2","2","2","2","2","2","2","1","1","","","","1","1","","1","1","","","","1","","","no","1","","66","4","female","4","5","3","5","4","5","5","5","","","","","","",NA
"R_7Pe7IwhIVxnk8YY","Survey Phase","2011-05-11 00:15:44","2011-05-11 00:21:32","1","0","0","0","209","","","y","1","1","1","2","private","public","3","public","public","2","2","2","2","2","2","2","2","1","1","","","","","","1","1","1","","","","","","1","no","1","","64","7","female","3","5","3","5","6","5","6","5","","","","","","",NA
"R_9Kwr3HUWcv4rMva","Survey Phase","2011-05-11 00:28:55","2011-05-11 00:33:21","1","0","0","0","63","","","y","1","1","1","1","public","public","public","public","3","1","1","1","1","1","1","1","1","","","1","","","","1","","","","1","","","","1","","no","1","","62","7","female","1","1","1","1","1","1","1","1","","","","","","",NA
"R_eQmwngl1KAOsi3i","Survey Phase","2011-05-11 09:09:07","2011-05-11 09:15:19","1","0","0","0","221","","","y","1","1","1","1","3","public","private","public","public","3","3","2","2","2","2","2","2","","","","1","","1","","","1","1","","","1","1","","","no","1","","67","5","female","3","3","3","3","3","5","3","5","","","","","","",NA
"R_4ORLZr2vlQqFJqY","Survey Phase","2011-05-11 09:17:31","2011-05-11 09:20:25","1","0","0","0","279","","","y","1","1","1","2","private","public","private","public","public","1","1","2","2","1","1","2","2","","","","1","","","","1","1","1","","","","","","1","no","1","","69","11","male","1","1","1","1","3","5","3","5","","","","","","",NA
"R_08UnxoUEAwP7Lpi","Survey Phase","2011-05-11 09:22:18","2011-05-11 09:26:30","1","0","0","0","28","","","y","1","1","1","2","private","3","private","3","public","1","1","2","2","1","1","2","2","","","","1","","","","1","","","","1","","","","1","no","1","","67","13","male","1","1","1","1","3","5","3","5","","","","","","",NA
"R_eo0HhOPjL7556de","Survey Phase","2011-05-11 11:30:55","2011-05-11 11:38:24","1","0","0","0","336","","","y","1","1","1","2","private","public","3","public","public","3","2","2","2","2","2","2","2","1","1","","","","","","1","1","1","","","","","","1","no","1","","67","8","female","6","3","3","5","6","5","6","5","","","","","","",NA
"R_4ZbHs4gqaMWc7Ry","Survey Phase","2011-05-11 11:35:41","2011-05-11 11:59:29","1","0","0","0","51","","","y","1","1","2","3","private","3","3","public","public","3","2","3","2","1","2","1","2","","","","1","","","","1","","","","1","","","","1","no","1","","62","6","female","3","3","3","5","3","3","3","5","","","","","","",NA
"R_5BCxHT0oQ0mch6s","Survey Phase","2011-05-05 14:35:03","2011-05-11 12:33:19","1","0","0","0","5","","","y","1","1","1","2","3","3","3","public","public","3","2","2","2","2","2","2","2","","","1","","","","","1","1","","","","","","","1","no","1","","64","3","female","3","3","3","5","3","5","3","5","","","","","","",NA
"R_5chqcWvIJsUF1fS","Survey Phase","2011-05-10 10:23:50","2011-05-11 18:10:33","1","0","0","0","332_retest","","","y","1","1","2","2","private","3","private","public","public","3","2","5","2","2","2","2","2","","","1","","","","","1","","","","1","","","","1","no","1","","67","17","female","6","5","6","5","6","3","6","5","","","","","","",NA
"R_b4acpT41NdAqd8w","Survey Phase","2011-05-11 18:46:33","2011-05-11 18:50:49","1","0","0","0","232","","","y","1","1","1","1","private","3","3","public","public","3","2","2","2","2","2","2","2","1","1","","","","","","1","1","1","","","","","","1","no","1","","61","4","female","3","3","3","5","3","3","3","5","","","","","","",NA
"R_0IgwvAuC5OosDQ0","Survey Phase","2011-05-12 00:27:00","2011-05-12 00:31:36","1","0","0","0","65_retest","","","y","1","1","1","2","private","3","private","public","public","1","1","2","2","1","1","2","2","","","","1","","","","1","1","1","","","","","1","","no","1","","71","11","male","1","1","1","1","3","5","3","5","","","","","","",NA
"R_3rciuHR1PcU3Fxa","Survey Phase","2011-05-16 11:52:47","2011-05-16 11:55:03","1","0","0","0","103_retest","","","y","1","1","1","2","public","public","3","public","public","1","1","3","2","1","1","2","2","","","","1","","","","1","","","","1","","","","1","no","1","","69","4","male","1","1","1","1","3","5","3","5","","","","","","",NA
